--
-- PostgreSQL database dump
--

-- Dumped from database version 14.4 (Ubuntu 14.4-0ubuntu0.22.04.1)
-- Dumped by pg_dump version 14.4 (Ubuntu 14.4-0ubuntu0.22.04.1)

SET statement_timeout = 0;
SET lock_timeout = 0;
SET idle_in_transaction_session_timeout = 0;
SET client_encoding = 'UTF8';
SET standard_conforming_strings = on;
SELECT pg_catalog.set_config('search_path', '', false);
SET check_function_bodies = false;
SET xmloption = content;
SET client_min_messages = warning;
SET row_security = off;

SET default_tablespace = '';

SET default_table_access_method = heap;

--
-- Name: sessions; Type: TABLE; Schema: public; Owner: postgres
--

CREATE TABLE public.sessions (
    id integer NOT NULL,
    "userId" integer NOT NULL,
    token text NOT NULL,
    "createdAt" date DEFAULT now() NOT NULL
);


ALTER TABLE public.sessions OWNER TO postgres;

--
-- Name: sessions_id_seq; Type: SEQUENCE; Schema: public; Owner: postgres
--

CREATE SEQUENCE public.sessions_id_seq
    AS integer
    START WITH 1
    INCREMENT BY 1
    NO MINVALUE
    NO MAXVALUE
    CACHE 1;


ALTER TABLE public.sessions_id_seq OWNER TO postgres;

--
-- Name: sessions_id_seq; Type: SEQUENCE OWNED BY; Schema: public; Owner: postgres
--

ALTER SEQUENCE public.sessions_id_seq OWNED BY public.sessions.id;


--
-- Name: urls; Type: TABLE; Schema: public; Owner: postgres
--

CREATE TABLE public.urls (
    id integer NOT NULL,
    url text NOT NULL,
    "shortUrl" text NOT NULL,
    "userId" integer NOT NULL,
    "createdAt" date DEFAULT now() NOT NULL,
    "visitCount" integer NOT NULL
);


ALTER TABLE public.urls OWNER TO postgres;

--
-- Name: urls_id_seq; Type: SEQUENCE; Schema: public; Owner: postgres
--

CREATE SEQUENCE public.urls_id_seq
    AS integer
    START WITH 1
    INCREMENT BY 1
    NO MINVALUE
    NO MAXVALUE
    CACHE 1;


ALTER TABLE public.urls_id_seq OWNER TO postgres;

--
-- Name: urls_id_seq; Type: SEQUENCE OWNED BY; Schema: public; Owner: postgres
--

ALTER SEQUENCE public.urls_id_seq OWNED BY public.urls.id;


--
-- Name: users; Type: TABLE; Schema: public; Owner: postgres
--

CREATE TABLE public.users (
    id integer NOT NULL,
    name text NOT NULL,
    email text NOT NULL,
    password text NOT NULL,
    "createdAt" date DEFAULT now() NOT NULL
);


ALTER TABLE public.users OWNER TO postgres;

--
-- Name: users_id_seq; Type: SEQUENCE; Schema: public; Owner: postgres
--

CREATE SEQUENCE public.users_id_seq
    AS integer
    START WITH 1
    INCREMENT BY 1
    NO MINVALUE
    NO MAXVALUE
    CACHE 1;


ALTER TABLE public.users_id_seq OWNER TO postgres;

--
-- Name: users_id_seq; Type: SEQUENCE OWNED BY; Schema: public; Owner: postgres
--

ALTER SEQUENCE public.users_id_seq OWNED BY public.users.id;


--
-- Name: sessions id; Type: DEFAULT; Schema: public; Owner: postgres
--

ALTER TABLE ONLY public.sessions ALTER COLUMN id SET DEFAULT nextval('public.sessions_id_seq'::regclass);


--
-- Name: urls id; Type: DEFAULT; Schema: public; Owner: postgres
--

ALTER TABLE ONLY public.urls ALTER COLUMN id SET DEFAULT nextval('public.urls_id_seq'::regclass);


--
-- Name: users id; Type: DEFAULT; Schema: public; Owner: postgres
--

ALTER TABLE ONLY public.users ALTER COLUMN id SET DEFAULT nextval('public.users_id_seq'::regclass);


--
-- Data for Name: sessions; Type: TABLE DATA; Schema: public; Owner: postgres
--

COPY public.sessions (id, "userId", token, "createdAt") FROM stdin;
1	2	069d6d30-f96d-42f2-b7b8-e031dcc2915f	2022-08-02
2	2	5ca0fcc2-d716-4601-b210-c1844291cca2	2022-08-02
3	2	44d59219-326b-4980-bba9-f7f9b226a4eb	2022-08-03
4	2	b89ec781-f352-4183-931e-a7fad0697769	2022-08-03
5	3	638b3db8-175c-4f56-a3ec-d4ae33c88a7c	2022-08-04
6	2	03f1994d-d5f6-4a80-9218-58f213e1ad04	2022-08-04
7	2	f7eab9fd-ad70-4533-a2b6-6b3f89590cd2	2022-08-04
8	2	6e4c1972-b6b7-40c8-bb35-48ed8f0e08d4	2022-08-04
9	3	f1e4fce5-5d3e-4edc-a6c9-4e5dd0beb74c	2022-08-04
10	4	e08db5e6-3617-4d9d-8aad-b801670d4a93	2022-08-04
\.


--
-- Data for Name: urls; Type: TABLE DATA; Schema: public; Owner: postgres
--

COPY public.urls (id, url, "shortUrl", "userId", "createdAt", "visitCount") FROM stdin;
3	https://images.unsplash.com/photo-1551225249-cb5dd379b29b?ixlib=rb-1.2.1&ixid=MnwxMjA3fDB8MHxwaG90by1wYWdlfHx8fGVufDB8fHx8&auto=format&fit=crop&w=895&q=80	Ed0FGYlO	2	2022-08-04	1
4	https://images.unsplash.com/photo-1591868776424-3c8753c3d430?ixlib=rb-1.2.1&ixid=MnwxMjA3fDB8MHxwaG90by1wYWdlfHx8fGVufDB8fHx8&auto=format&fit=crop&w=387&q=80	x9INngK5	2	2022-08-04	3
5	https://images.unsplash.com/photo-1591868776424-3c8753c3d430?ixlib=rb-1.2.1&ixid=MnwxMjA3fDB8MHxwaG90by1wYWdlfHx8fGVufDB8fHx8&auto=format&fit=crop&w=387&q=80	wDDaR7d5	3	2022-08-04	0
6	https://urlsss.com.pgn	8-zAMLq7	4	2022-08-04	1
\.


--
-- Data for Name: users; Type: TABLE DATA; Schema: public; Owner: postgres
--

COPY public.users (id, name, email, password, "createdAt") FROM stdin;
1	Jo達o	joao@driven.com.br	driven	2022-08-02
2	Jo達o	joao@driven2.com.br	$2b$10$Z/4zBTule4os2n5meDhV7.EhCaWDB0btRdjYTui8.Fnx5LXf8kbTi	2022-08-02
3	Jo達o	joao@driven3.com.br	$2b$10$xfv9j79eSrLAwISPr8Ly8.unripez4hA4mQSoD2MfEO3Z7wRnuxtG	2022-08-02
4	Jo達o Gomes	joao@driven4.com.br	$2b$10$wKrmfRKqL3C.wUqYyjsf8.Tur5KKZATlgeLlg2cDSnwTpBo/nOf0W	2022-08-04
\.


--
-- Name: sessions_id_seq; Type: SEQUENCE SET; Schema: public; Owner: postgres
--

SELECT pg_catalog.setval('public.sessions_id_seq', 10, true);


--
-- Name: urls_id_seq; Type: SEQUENCE SET; Schema: public; Owner: postgres
--

SELECT pg_catalog.setval('public.urls_id_seq', 6, true);


--
-- Name: users_id_seq; Type: SEQUENCE SET; Schema: public; Owner: postgres
--

SELECT pg_catalog.setval('public.users_id_seq', 4, true);


--
-- Name: sessions sessions_pkey; Type: CONSTRAINT; Schema: public; Owner: postgres
--

ALTER TABLE ONLY public.sessions
    ADD CONSTRAINT sessions_pkey PRIMARY KEY (id);


--
-- Name: urls urls_pkey; Type: CONSTRAINT; Schema: public; Owner: postgres
--

ALTER TABLE ONLY public.urls
    ADD CONSTRAINT urls_pkey PRIMARY KEY (id);


--
-- Name: users users_email_key; Type: CONSTRAINT; Schema: public; Owner: postgres
--

ALTER TABLE ONLY public.users
    ADD CONSTRAINT users_email_key UNIQUE (email);


--
-- Name: users users_pkey; Type: CONSTRAINT; Schema: public; Owner: postgres
--

ALTER TABLE ONLY public.users
    ADD CONSTRAINT users_pkey PRIMARY KEY (id);


--
-- Name: sessions sessions_userId_fkey; Type: FK CONSTRAINT; Schema: public; Owner: postgres
--

ALTER TABLE ONLY public.sessions
    ADD CONSTRAINT "sessions_userId_fkey" FOREIGN KEY ("userId") REFERENCES public.users(id);


--
-- Name: urls urls_userId_fkey; Type: FK CONSTRAINT; Schema: public; Owner: postgres
--

ALTER TABLE ONLY public.urls
    ADD CONSTRAINT "urls_userId_fkey" FOREIGN KEY ("userId") REFERENCES public.users(id);


--
-- PostgreSQL database dump complete
--

